{
  "total_sequences": 1108,
  "train_sequences": 886,
  "val_sequences": 110,
  "test_sequences": 112,
  "split_seed": 42,
  "split_ratios": {
    "train": 0.8,
    "val": 0.1,
    "test": 0.1
  },
  "created_date": "2024",
  "description": "Dataset compartido de serine proteasas para comparaci\u00f3n de modelos",
  "source": "UniProt - queries espec\u00edficas para serine proteasas",
  "filters_applied": [
    "reviewed:true",
    "length: 150-400 aa",
    "no ambiguous amino acids (X)",
    "serine protease family"
  ]
}